{
  "strategy": {
    "CAGR": 0.13646592864110163,
    "Sharpe": 0.5202540677812728,
    "MDD": 0.5965990768625141
  },
  "wf_total": {
    "CAGR": 0.3560853345720967,
    "Sharpe": 0.7077770581605158,
    "MDD": 0.7971405980330425
  }
}