{
  "strategy": {
    "CAGR": 0.14169147072995103,
    "Sharpe": 0.5363369716109584,
    "MDD": 0.5965990768625142
  },
  "wf_total": {
    "CAGR": 0.39097059834976555,
    "Sharpe": 0.76493507844316,
    "MDD": 0.741530374599678
  }
}