{
  "strategy": {
    "CAGR": 0.5066980424697098,
    "Sharpe": 0.9037249224457339,
    "MDD": 0.8339900882218976
  },
  "wf_total": {
    "CAGR": 0.4957648772043075,
    "Sharpe": 0.8609128187949693,
    "MDD": 0.8279220670170909
  }
}