{
  "strategy": {
    "CAGR": 0.0023726520566935694,
    "Sharpe": 0.06686153518672228,
    "MDD": 0.14433235052601273
  },
  "wf_total": {}
}