{
  "strategy": {
    "CAGR": 0.13650163945618465,
    "Sharpe": 0.520382799234338,
    "MDD": 0.5965990768625141
  },
  "wf_total": {
    "CAGR": 0.3561330696433491,
    "Sharpe": 0.7078689786773299,
    "MDD": 0.7971405980330425
  }
}