{
  "strategy": {
    "CAGR": 0.17812088973648743,
    "Sharpe": 0.5864910956229894,
    "MDD": 0.5384651823237473
  },
  "wf_total": {
    "CAGR": 0.4957648772043075,
    "Sharpe": 0.8609128187949693,
    "MDD": 0.8279220670170909
  }
}