{
  "strategy": {
    "CAGR": 0.2618540862301726,
    "Sharpe": 0.9513058466420442,
    "MDD": 0.4168592432413273
  },
  "wf_total": {
    "CAGR": 0.1683161604074348,
    "Sharpe": 0.3548432317191111,
    "MDD": 0.8139241631156878
  }
}