{
  "strategy": {
    "CAGR": 0.020186186455847466,
    "Sharpe": 0.23151377688202593,
    "MDD": 0.3225516221996187
  },
  "wf_total": {}
}