{
  "strategy": {
    "CAGR": 0.21036532694282006,
    "Sharpe": 0.827269793177175,
    "MDD": 0.41685924324132756
  },
  "wf_total": {
    "CAGR": 0.1683161604074348,
    "Sharpe": 0.3548432317191111,
    "MDD": 0.8139241631156878
  }
}