{
  "strategy": {
    "CAGR": 0.17812088973648743,
    "Sharpe": 0.5864910956229894,
    "MDD": 0.5384651823237473
  },
  "wf_total": {
    "CAGR": 0.27038103002811376,
    "Sharpe": 0.5241208989971786,
    "MDD": 0.8290076765781859
  }
}