{
  "strategy": {
    "CAGR": 0.5659528117359902,
    "Sharpe": 1.5882027901530384,
    "MDD": 0.2618203300847658
  },
  "wf_total": {
    "CAGR": 0.6750707273662335,
    "Sharpe": 1.524038908893152,
    "MDD": 0.26182033008476613
  }
}