year,buy,sell,test_CAGR,test_Sharpe,test_MDD,train_sharpe
2024,0.52,0.35,0.6750707273662335,1.524038908893152,0.26182033008476613,1.567222441216809
