{
  "strategy": {
    "CAGR": 0.21036532694282006,
    "Sharpe": 0.827269793177175,
    "MDD": 0.41685924324132756
  },
  "wf_total": {
    "CAGR": 0.18848107544147719,
    "Sharpe": 0.40736519962505696,
    "MDD": 0.8312817365848085
  }
}