{
  "strategy": {
    "CAGR": 0.26591055770245275,
    "Sharpe": 0.5003216817286466,
    "MDD": 0.7663456370856908
  },
  "wf_total": {
    "CAGR": 0.4280070544654013,
    "Sharpe": 0.7963991891102185,
    "MDD": 0.7731091173619854
  }
}