{
  "strategy": {
    "CAGR": 0.17812088973648743,
    "Sharpe": 0.5864910956229894,
    "MDD": 0.5384651823237473
  },
  "wf_total": {
    "CAGR": 0.35841793529920696,
    "Sharpe": 0.7355795488959631,
    "MDD": 0.7211457339479381
  }
}