{
  "strategy": {
    "CAGR": 0.21375619527210676,
    "Sharpe": 0.8533374874656021,
    "MDD": 0.41685924324132734
  },
  "wf_total": {
    "CAGR": 0.4957648772043075,
    "Sharpe": 0.8609128187949693,
    "MDD": 0.8279220670170909
  }
}