{
  "strategy": {
    "CAGR": 0.2856123858164499,
    "Sharpe": 1.0091075577196913,
    "MDD": 0.30238387089363894
  },
  "wf_total": {
    "CAGR": 0.35841793529920696,
    "Sharpe": 0.7355795488959631,
    "MDD": 0.7211457339479381
  }
}