{
  "strategy": {
    "CAGR": 0.2302749338537573,
    "Sharpe": 0.871490255864806,
    "MDD": 0.3590804859046662
  },
  "wf_total": {
    "CAGR": 0.4957648772043075,
    "Sharpe": 0.8609128187949693,
    "MDD": 0.8279220670170909
  }
}