{
  "strategy": {
    "CAGR": 0.48295262741165024,
    "Sharpe": 0.8625423751360906,
    "MDD": 0.8339900882218975
  },
  "wf_total": {
    "CAGR": 0.3572244167621279,
    "Sharpe": 0.7099557673303566,
    "MDD": 0.7971405980330425
  }
}