{
  "strategy": {
    "CAGR": 0.1526493143760821,
    "Sharpe": 0.5727812172708019,
    "MDD": 0.5965990768625141
  },
  "wf_total": {
    "CAGR": 0.35486874171283445,
    "Sharpe": 0.6896597787585067,
    "MDD": 0.7971405980330425
  }
}